Independent School District Name,ISD #,Subject to Subchapter C,Category #,Subject to Subchapter C Because of Demographics Characteristics [Sec.313.051(a-1)(2)],Minimum Limitation Amount [Sec.313.053],Minimum Qualified Investment Amount [Sec.313.054]
Abbott,109-901,YES,III,YES,$20 Million,$10 Million
Abernathy,095-901,YES,I,YES,$30 Million,$30 Million
Abilene,221-901,YES,I,YES,$30 Million,$30 Million
Academy,014-901,YES,III,NO,$20 Million,$10 Million
Adrian,180-903,YES,I,YES,$30 Million,$30 Million
Agua Dulce,178-901,YES,III,YES,$20 Million,$10 Million
Alamo Heights,015-901,NO,II,NO,$80 Million,$80 Million
Alba-Golden,250-906,YES,III,YES,$20 Million,$10 Million
Albany,209-901,YES,II,YES,$25 Million,$20 Million
Aldine,101-902,NO,I,NO,$100 Million,$100 Million
Aledo,184-907,NO,II,NO,$80 Million,$80 Million
Alice,125-901,YES,I,YES,$30 Million,$30 Million
Alief,101-903,NO,I,NO,$100 Million,$100 Million
Allen,043-901,NO,I,NO,$100 Million,$100 Million
Alpine,022-901,YES,III,YES,$20 Million,$10 Million
Alto,037-901,YES,III,NO,$20 Million,$10 Million
Alvarado,126-901,NO,II,NO,$80 Million,$80 Million
Alvin,020-901,YES,I,NO,$30 Million,$30 Million
Alvord,249-901,YES,III,YES,$20 Million,$10 Million
Amarillo,188-901,NO,II,NO,$80 Million,$80 Million
Amherst,140-901,YES,III,YES,$20 Million,$10 Million
Anahuac,036-901,NO,III,NO,$60 Million,$60 Million
Anderson-Shiro,093-901,YES,II,YES,$25 Million,$20 Million
Andrews,002-901,YES,I,YES,$30 Million,$30 Million
Angleton,020-902,YES,I,NO,$30 Million,$30 Million
Anna,043-902,NO,II,NO,$80 Million,$80 Million
Anson,127-901,YES,III,YES,$20 Million,$10 Million
Anthony,071-906,YES,III,NO,$20 Million,$10 Million
Anton,110-901,YES,III,YES,$20 Million,$10 Million
Apple Springs,228-905,YES,IV,YES,$15 Million,$5 Million
Aquilla,109-912,YES,III,YES,$20 Million,$10 Million
Aransas County,004-901,YES,III,YES,$20 Million,$10 Million
Aransas Pass,205-901,YES,III,YES,$20 Million,$10 Million
Archer City,005-901,YES,I,YES,$30 Million,$30 Million
Argyle,061-910,NO,II,NO,$80 Million,$80 Million
Arlington,220-901,NO,I,NO,$100 Million,$100 Million
Arp,212-901,NO,IV,NO,$40 Million,$40 Million
Aspermont,217-901,YES,III,YES,$20 Million,$10 Million
Athens,107-901,NO,II,NO,$80 Million,$80 Million
Atlanta,034-901,YES,III,YES,$20 Million,$10 Million
Aubrey,061-907,NO,II,NO,$80 Million,$80 Million
Austin,227-901,NO,I,NO,$100 Million,$100 Million
Austwell-Tivoli,196-901,YES,III,YES,$20 Million,$10 Million
Avalon,070-901,NO,V,NO,$20 Million,$20 Million
Avery,194-902,YES,IV,YES,$15 Million,$5 Million
Avinger,034-902,YES,III,YES,$20 Million,$10 Million
Axtell,161-918,YES,IV,YES,$15 Million,$5 Million
Azle,220-915,NO,II,NO,$80 Million,$80 Million
Baird,030-903,YES,III,YES,$20 Million,$10 Million
Ballinger,200-901,YES,III,YES,$20 Million,$10 Million
Balmorhea,195-902,YES,I,YES,$30 Million,$30 Million
Bandera,010-902,YES,III,YES,$20 Million,$10 Million
Bangs,025-901,YES,III,YES,$20 Million,$10 Million
Banquete,178-913,YES,I,NO,$30 Million,$30 Million
Barbers Hill,036-902,NO,II,NO,$80 Million,$80 Million
Bartlett,014-902,YES,III,YES,$20 Million,$10 Million
Bastrop,011-901,NO,II,NO,$80 Million,$80 Million
Bay City,158-901,YES,I,YES,$30 Million,$30 Million
Beaumont,123-910,YES,I,NO,$30 Million,$30 Million
Beckville,183-901,YES,II,YES,$25 Million,$20 Million
Beeville,013-901,YES,III,YES,$20 Million,$10 Million
Bellevue,039-904,YES,III,YES,$20 Million,$10 Million
Bells,091-901,NO,IV,NO,$40 Million,$40 Million
Bellville,008-901,YES,III,YES,$20 Million,$10 Million
Belton,014-903,YES,III,NO,$20 Million,$10 Million
Ben Bolt-Palito Blanco,125-902,YES,III,YES,$20 Million,$10 Million
Benavides,066-901,YES,II,YES,$25 Million,$20 Million
Benjamin,138-904,YES,III,YES,$20 Million,$10 Million
Big Sandy,187-901,YES,III,NO,$20 Million,$10 Million
Big Sandy,230-901,YES,III,YES,$20 Million,$10 Million
Big Spring,114-901,YES,I,YES,$30 Million,$30 Million
Birdville,220-902,NO,I,NO,$100 Million,$100 Million
Bishop,178-902,YES,I,NO,$30 Million,$30 Million
Blackwell,177-903,YES,I,YES,$30 Million,$30 Million
Blanco,016-902,NO,II,NO,$80 Million,$80 Million
Bland,116-915,YES,IV,NO,$15 Million,$5 Million
Blanket,025-904,YES,III,YES,$20 Million,$10 Million
Bloomburg,034-909,YES,IV,YES,$15 Million,$5 Million
Blooming Grove,175-902,NO,IV,NO,$40 Million,$40 Million
Bloomington,235-901,NO,IV,NO,$40 Million,$40 Million
Blue Ridge,043-917,YES,III,YES,$20 Million,$10 Million
Bluff Dale,072-904,YES,IV,YES,$15 Million,$5 Million
Blum,109-913,YES,III,YES,$20 Million,$10 Million
Boerne,130-901,NO,II,NO,$80 Million,$80 Million
Boles Home,116-916,YES,V,NO,$10 Million,$1 Million
Boling,241-901,YES,III,YES,$20 Million,$10 Million
Bonham,074-903,YES,III,YES,$20 Million,$10 Million
Booker,148-901,YES,III,YES,$20 Million,$10 Million
Borden County,017-901,YES,I,YES,$30 Million,$30 Million
Borger,117-901,YES,I,YES,$30 Million,$30 Million
Bosqueville,161-923,NO,IV,NO,$40 Million,$40 Million
Bovina,185-901,YES,III,YES,$20 Million,$10 Million
Bowie,169-901,YES,II,YES,$25 Million,$20 Million
Boyd,249-902,NO,III,NO,$60 Million,$60 Million
Brackett,136-901,YES,V,YES,$10 Million,$1 Million
Brady,160-901,YES,I,YES,$30 Million,$30 Million
Brazos,008-903,YES,III,YES,$20 Million,$10 Million
Brazosport,020-905,YES,I,NO,$30 Million,$30 Million
Breckenridge,215-901,YES,III,YES,$20 Million,$10 Million
Bremond,198-901,YES,III,YES,$20 Million,$10 Million
Brenham,239-901,YES,I,YES,$30 Million,$30 Million
Bridge City,181-901,YES,II,NO,$25 Million,$20 Million
Bridgeport,249-903,NO,II,NO,$80 Million,$80 Million
Broaddus,203-902,YES,III,YES,$20 Million,$10 Million
Brock,184-909,NO,III,NO,$60 Million,$60 Million
Bronte,041-901,YES,III,YES,$20 Million,$10 Million
Brookeland,121-902,YES,III,YES,$20 Million,$10 Million
Brookesmith,025-908,YES,IV,YES,$15 Million,$5 Million
Brooks,024-901,YES,III,YES,$20 Million,$10 Million
Brownfield,223-901,YES,II,YES,$25 Million,$20 Million
Brownsboro,107-902,NO,III,NO,$60 Million,$60 Million
Brownsville,031-901,YES,I,NO,$30 Million,$30 Million
Brownwood,025-902,YES,I,YES,$30 Million,$30 Million
Bruceville-Eddy,161-919,YES,III,YES,$20 Million,$10 Million
Bryan,021-902,YES,I,YES,$30 Million,$30 Million
Bryson,119-901,YES,II,YES,$25 Million,$20 Million
Buckholts,166-907,YES,IV,YES,$15 Million,$5 Million
Buena Vista,186-901,YES,I,YES,$30 Million,$30 Million
Buffalo,145-901,YES,III,YES,$20 Million,$10 Million
Bullard,212-902,YES,III,NO,$20 Million,$10 Million
Buna,121-903,YES,III,YES,$20 Million,$10 Million
Burkburnett,243-901,YES,I,YES,$30 Million,$30 Million
Burkeville,176-901,YES,III,YES,$20 Million,$10 Million
Burleson,126-902,NO,II,NO,$80 Million,$80 Million
Burnet,027-903,YES,III,YES,$20 Million,$10 Million
Burton,239-903,YES,III,YES,$20 Million,$10 Million
Bushland,188-904,NO,II,NO,$80 Million,$80 Million
Bynum,109-902,YES,III,YES,$20 Million,$10 Million
Caddo Mills,116-901,YES,III,NO,$20 Million,$10 Million
Calallen,178-903,YES,I,NO,$30 Million,$30 Million
Caldwell,026-901,YES,II,YES,$25 Million,$20 Million
Calhoun County,029-901,YES,I,YES,$30 Million,$30 Million
Callisburg,049-905,YES,III,YES,$20 Million,$10 Million
Calvert,198-902,YES,III,YES,$20 Million,$10 Million
Cameron,166-901,YES,III,YES,$20 Million,$10 Million
Campbell,116-910,YES,V,NO,$10 Million,$1 Million
Canadian,106-901,YES,II,YES,$25 Million,$20 Million
Canton,234-902,NO,III,NO,$60 Million,$60 Million
Canutillo,071-907,YES,I,NO,$30 Million,$30 Million
Canyon,191-901,NO,II,NO,$80 Million,$80 Million
Carlisle,201-913,YES,III,NO,$20 Million,$10 Million
Carrizo Springs,064-903,YES,I,YES,$30 Million,$30 Million
Carroll,220-919,NO,II,NO,$80 Million,$80 Million
Carrollton-Farmers Branch,057-903,NO,I,NO,$100 Million,$100 Million
Carthage,183-902,YES,I,YES,$30 Million,$30 Million
Castleberry,220-917,NO,III,NO,$60 Million,$60 Million
Cayuga,001-902,NO,IV,NO,$40 Million,$40 Million
Cedar Hill,057-904,NO,II,NO,$80 Million,$80 Million
Celeste,116-902,YES,IV,NO,$15 Million,$5 Million
Celina,043-903,NO,II,NO,$80 Million,$80 Million
Center,210-901,YES,III,YES,$20 Million,$10 Million
Center Point,133-901,NO,IV,NO,$40 Million,$40 Million
Centerville,145-902,YES,III,YES,$20 Million,$10 Million
Centerville,228-904,YES,IV,YES,$15 Million,$5 Million
Central,003-907,YES,III,NO,$20 Million,$10 Million
Central Heights,174-908,YES,III,NO,$20 Million,$10 Million
Channelview,101-905,NO,II,NO,$80 Million,$80 Million
Channing,103-901,YES,III,YES,$20 Million,$10 Million
Chapel Hill,212-909,NO,II,NO,$80 Million,$80 Million
Chapel Hill,225-906,YES,III,YES,$20 Million,$10 Million
Charlotte,007-901,YES,III,YES,$20 Million,$10 Million
Cherokee,206-903,YES,IV,YES,$15 Million,$5 Million
Chester,229-906,YES,IV,YES,$15 Million,$5 Million
Chico,249-904,NO,III,NO,$60 Million,$60 Million
Childress,038-901,YES,III,YES,$20 Million,$10 Million
Chillicothe,099-902,YES,III,YES,$20 Million,$10 Million
Chilton,073-901,YES,III,YES,$20 Million,$10 Million
China Spring,161-920,YES,III,YES,$20 Million,$10 Million
Chireno,174-901,YES,III,YES,$20 Million,$10 Million
Chisum,139-905,YES,I,YES,$30 Million,$30 Million
Christoval,226-901,NO,IV,NO,$40 Million,$40 Million
Cisco,067-902,YES,I,YES,$30 Million,$30 Million
City View,243-906,NO,IV,NO,$40 Million,$40 Million
Clarendon,065-901,YES,II,YES,$25 Million,$20 Million
Clarksville,194-904,YES,III,YES,$20 Million,$10 Million
Claude,006-902,YES,III,YES,$20 Million,$10 Million
Clear Creek,084-910,NO,I,NO,$100 Million,$100 Million
Cleburne,126-903,NO,II,NO,$80 Million,$80 Million
Cleveland,146-901,YES,III,YES,$20 Million,$10 Million
Clifton,018-901,YES,II,YES,$25 Million,$20 Million
Clint,071-901,YES,III,NO,$20 Million,$10 Million
Clyde-Hamby,030-902,YES,II,YES,$25 Million,$20 Million
Coahoma,114-902,YES,III,YES,$20 Million,$10 Million
Coldspring-Oakhurst,204-901,YES,III,YES,$20 Million,$10 Million
Coleman,042-901,YES,III,YES,$20 Million,$10 Million
College Station,021-901,NO,I,NO,$100 Million,$100 Million
Collinsville,091-902,YES,III,YES,$20 Million,$10 Million
Colmesneil,229-901,YES,III,YES,$20 Million,$10 Million
Colorado,168-901,YES,III,YES,$20 Million,$10 Million
Columbia-Brazoria,020-907,YES,I,NO,$30 Million,$30 Million
Columbus,045-902,YES,II,YES,$25 Million,$20 Million
Comal,046-902,NO,I,NO,$100 Million,$100 Million
Comanche,047-901,YES,I,YES,$30 Million,$30 Million
Comfort,130-902,NO,III,NO,$60 Million,$60 Million
Commerce,116-903,YES,III,YES,$20 Million,$10 Million
Community,043-918,YES,III,NO,$20 Million,$10 Million
Como-Pickton,112-908,YES,III,YES,$20 Million,$10 Million
Comstock,233-903,YES,III,YES,$20 Million,$10 Million
Connally,161-921,NO,III,NO,$60 Million,$60 Million
Conroe,170-902,NO,I,NO,$100 Million,$100 Million
Coolidge,147-901,YES,III,YES,$20 Million,$10 Million
Cooper,060-902,YES,III,YES,$20 Million,$10 Million
Coppell,057-922,NO,I,NO,$100 Million,$100 Million
Copperas Cove,050-910,YES,III,NO,$20 Million,$10 Million
Corpus Christi,178-904,YES,I,NO,$30 Million,$30 Million
Corrigan-Camden,187-904,YES,I,NO,$30 Million,$30 Million
Corsicana,175-903,YES,I,YES,$30 Million,$30 Million
Cotton Center,095-902,YES,III,YES,$20 Million,$10 Million
Cotulla,142-901,YES,I,YES,$30 Million,$30 Million
Coupland,246-914,NO,V,NO,$20 Million,$20 Million
Covington,109-903,YES,III,YES,$20 Million,$10 Million
Crandall,129-901,NO,II,NO,$80 Million,$80 Million
Crane,052-901,YES,I,YES,$30 Million,$30 Million
Cranfills Gap,018-908,YES,IV,YES,$15 Million,$5 Million
Crawford,161-901,YES,III,NO,$20 Million,$10 Million
Crockett,113-901,YES,II,YES,$25 Million,$20 Million
Crockett County,053-001,YES,II,YES,$25 Million,$20 Million
Crosby,101-906,NO,II,NO,$80 Million,$80 Million
Crosbyton,054-901,YES,II,YES,$25 Million,$20 Million
Cross Plains,030-901,YES,IV,YES,$15 Million,$5 Million
Cross Roads,107-904,NO,IV,NO,$40 Million,$40 Million
Crowell,078-901,YES,III,YES,$20 Million,$10 Million
Crowley,220-912,NO,II,NO,$80 Million,$80 Million
Crystal City,254-901,YES,III,YES,$20 Million,$10 Million
Cuero,062-901,YES,III,YES,$20 Million,$10 Million
Culberson County,055-901,YES,I,YES,$30 Million,$30 Million
Cumby,112-905,YES,IV,YES,$15 Million,$5 Million
Cushing,174-902,YES,I,NO,$30 Million,$30 Million
Cypress-Fairbanks,101-907,NO,I,NO,$100 Million,$100 Million
Daingerfield-Lone Star,172-902,YES,I,YES,$30 Million,$30 Million
Dalhart,056-901,YES,I,YES,$30 Million,$30 Million
Dallas,057-905,NO,I,NO,$100 Million,$100 Million
Damon,020-910,YES,V,NO,$10 Million,$1 Million
Danbury,020-904,YES,III,NO,$20 Million,$10 Million
Darrouzett,148-905,YES,III,YES,$20 Million,$10 Million
Dawson,058-902,YES,III,YES,$20 Million,$10 Million
Dawson,175-904,YES,III,YES,$20 Million,$10 Million
Dayton,146-902,YES,I,NO,$30 Million,$30 Million
De Leon,047-902,YES,III,YES,$20 Million,$10 Million
De Soto,057-906,NO,II,NO,$80 Million,$80 Million
Decatur,249-905,NO,II,NO,$80 Million,$80 Million
Deer Park,101-908,NO,I,NO,$100 Million,$100 Million
Dekalb,019-901,YES,III,NO,$20 Million,$10 Million
Del Valle,227-910,NO,II,NO,$80 Million,$80 Million
Dell City,115-903,YES,III,YES,$20 Million,$10 Million
Denison,091-903,NO,II,NO,$80 Million,$80 Million
Denton,061-901,NO,I,NO,$100 Million,$100 Million
Denver City,251-901,YES,I,YES,$30 Million,$30 Million
Detroit,194-905,YES,III,YES,$20 Million,$10 Million
Devers,146-903,YES,III,NO,$20 Million,$10 Million
Devine,163-901,YES,III,YES,$20 Million,$10 Million
Dew,081-906,YES,III,YES,$20 Million,$10 Million
Deweyville,176-903,YES,I,YES,$30 Million,$30 Million
D'Hanis,163-902,NO,IV,NO,$40 Million,$40 Million
Diboll,003-905,YES,III,NO,$20 Million,$10 Million
Dickinson,084-901,NO,II,NO,$80 Million,$80 Million
Dilley,082-902,YES,II,YES,$25 Million,$20 Million
Dime Box,144-903,YES,III,YES,$20 Million,$10 Million
Dimmitt,035-901,YES,I,YES,$30 Million,$30 Million
Divide,133-905,NO,V,NO,$20 Million,$20 Million
Dodd City,074-904,YES,III,YES,$20 Million,$10 Million
Donna,108-902,YES,III,NO,$20 Million,$10 Million
Doss,086-024,YES,IV,YES,$15 Million,$5 Million
Douglass,174-911,YES,III,NO,$20 Million,$10 Million
Dripping Springs,105-904,NO,II,NO,$80 Million,$80 Million
Driscoll,178-905,YES,III,NO,$20 Million,$10 Million
Dublin,072-902,YES,III,YES,$20 Million,$10 Million
Dumas,171-901,YES,I,YES,$30 Million,$30 Million
Duncanville,057-907,NO,II,NO,$80 Million,$80 Million
Eagle Mountain-Saginaw,220-918,NO,I,NO,$100 Million,$100 Million
Eagle Pass,159-901,YES,III,NO,$20 Million,$10 Million
Eanes,227-909,NO,I,NO,$100 Million,$100 Million
Early,025-909,YES,III,YES,$20 Million,$10 Million
East Bernard,241-902,YES,III,YES,$20 Million,$10 Million
East Central,015-911,NO,II,NO,$80 Million,$80 Million
East Chambers,036-903,NO,IV,NO,$40 Million,$40 Million
Eastland,067-903,YES,III,YES,$20 Million,$10 Million
Ector,074-905,YES,IV,YES,$15 Million,$5 Million
Ector County,068-901,NO,I,NO,$100 Million,$100 Million
Edcouch Elsa,108-903,YES,III,NO,$20 Million,$10 Million
Eden Consolidated,048-901,YES,II,YES,$25 Million,$20 Million
Edgewood,015-905,NO,II,NO,$80 Million,$80 Million
Edgewood,234-903,NO,IV,NO,$40 Million,$40 Million
Edinburg,108-904,YES,I,NO,$30 Million,$30 Million
Edna,120-901,YES,II,YES,$25 Million,$20 Million
El Campo,241-903,YES,III,YES,$20 Million,$10 Million
El Paso,071-902,YES,I,NO,$30 Million,$30 Million
Electra,243-902,NO,IV,NO,$40 Million,$40 Million
Elgin,011-902,YES,III,YES,$20 Million,$10 Million
Elkhart,001-903,YES,III,YES,$20 Million,$10 Million
Elysian Fields,102-906,YES,III,YES,$20 Million,$10 Million
Ennis,070-903,NO,II,NO,$80 Million,$80 Million
Era,049-906,YES,III,YES,$20 Million,$10 Million
Etoile,174-910,YES,IV,NO,$15 Million,$5 Million
Eula,030-906,YES,III,YES,$20 Million,$10 Million
Eustace,107-905,NO,III,NO,$60 Million,$60 Million
Evadale,121-906,YES,I,YES,$30 Million,$30 Million
Evant,050-901,YES,IV,YES,$15 Million,$5 Million
Everman,220-904,NO,II,NO,$80 Million,$80 Million
Excelsior,210-906,YES,IV,YES,$15 Million,$5 Million
Ezzell,143-906,YES,III,YES,$20 Million,$10 Million
Fabens,071-903,YES,III,NO,$20 Million,$10 Million
Fairfield,081-902,YES,I,YES,$30 Million,$30 Million
Falls City,128-904,YES,III,YES,$20 Million,$10 Million
Fannindel,060-914,YES,III,YES,$20 Million,$10 Million
Farmersville,043-904,NO,III,NO,$60 Million,$60 Million
Farwell,185-902,YES,III,YES,$20 Million,$10 Million
Fayetteville,075-906,YES,III,YES,$20 Million,$10 Million
Ferris,070-905,NO,III,NO,$60 Million,$60 Million
Flatonia,075-901,YES,III,YES,$20 Million,$10 Million
Florence,246-902,YES,III,NO,$20 Million,$10 Million
Floresville,247-901,NO,II,NO,$80 Million,$80 Million
Flour Bluff,178-914,YES,II,NO,$25 Million,$20 Million
Floydada,077-901,YES,I,YES,$30 Million,$30 Million
Follett,148-902,YES,III,YES,$20 Million,$10 Million
Forestburg,169-910,YES,III,YES,$20 Million,$10 Million
Forney,129-902,NO,II,NO,$80 Million,$80 Million
Forsan,114-904,YES,II,YES,$25 Million,$20 Million
Fort Bend,079-907,NO,I,NO,$100 Million,$100 Million
Fort Davis,122-901,YES,III,YES,$20 Million,$10 Million
Fort Elliott,242-906,YES,I,YES,$30 Million,$30 Million
Fort Hancock,115-901,YES,III,YES,$20 Million,$10 Million
Fort Stockton,186-902,YES,I,YES,$30 Million,$30 Million
Fort Worth,220-905,NO,I,NO,$100 Million,$100 Million
Franklin,198-903,YES,I,YES,$30 Million,$30 Million
Frankston,001-904,NO,IV,NO,$40 Million,$40 Million
Fredericksburg,086-901,YES,III,YES,$20 Million,$10 Million
Freer,066-903,YES,III,YES,$20 Million,$10 Million
Frenship,152-907,YES,III,YES,$20 Million,$10 Million
Friendswood,084-911,YES,III,NO,$20 Million,$10 Million
Friona,185-903,YES,II,YES,$25 Million,$20 Million
Frisco,043-905,NO,I,NO,$100 Million,$100 Million
Frost,175-905,YES,III,YES,$20 Million,$10 Million
Fruitvale,234-909,NO,V,NO,$20 Million,$20 Million
Gainesville,049-901,YES,II,YES,$25 Million,$20 Million
Galena Park,101-910,NO,I,NO,$100 Million,$100 Million
Galveston,084-902,NO,II,NO,$80 Million,$80 Million
Ganado,120-902,YES,I,YES,$30 Million,$30 Million
Garland,057-909,NO,I,NO,$100 Million,$100 Million
Garner,184-911,NO,IV,NO,$40 Million,$40 Million
Garrison,174-903,YES,III,NO,$20 Million,$10 Million
Gary,183-904,YES,III,YES,$20 Million,$10 Million
Gatesville,050-902,YES,III,NO,$20 Million,$10 Million
Gause,166-902,YES,III,YES,$20 Million,$10 Million
George West,149-901,YES,II,YES,$25 Million,$20 Million
Georgetown,246-904,NO,I,NO,$100 Million,$100 Million
Gholson,161-925,NO,V,NO,$20 Million,$20 Million
Giddings,144-901,YES,II,YES,$25 Million,$20 Million
Gilmer,230-902,YES,III,YES,$20 Million,$10 Million
Gladewater,092-901,YES,III,YES,$20 Million,$10 Million
Glasscock,087-901,YES,I,YES,$30 Million,$30 Million
Glen Rose,213-901,YES,I,NO,$30 Million,$30 Million
Godley,126-911,NO,III,NO,$60 Million,$60 Million
Gold Burg,169-906,YES,III,YES,$20 Million,$10 Million
Goldthwaite,167-901,YES,II,YES,$25 Million,$20 Million
Goliad,088-902,YES,I,YES,$30 Million,$30 Million
Gonzales,089-901,YES,I,YES,$30 Million,$30 Million
Goodrich,187-903,YES,III,NO,$20 Million,$10 Million
Goose Creek,101-911,NO,I,NO,$100 Million,$100 Million
Gordon,182-901,YES,III,YES,$20 Million,$10 Million
Gorman,067-904,YES,III,YES,$20 Million,$10 Million
Grady,156-905,YES,II,YES,$25 Million,$20 Million
Graford,182-902,YES,III,YES,$20 Million,$10 Million
Graham,252-901,YES,V,YES,$10 Million,$1 Million
Granbury,111-901,YES,I,NO,$30 Million,$30 Million
Grand Prairie,057-910,NO,II,NO,$80 Million,$80 Million
Grand Saline,234-904,NO,IV,NO,$40 Million,$40 Million
Grandview,126-904,YES,III,YES,$20 Million,$10 Million
Grandview-Hopkins,090-905,YES,III,YES,$20 Million,$10 Million
Granfalls-Royalty,238-904,YES,III,YES,$20 Million,$10 Million
Granger,246-905,NO,IV,NO,$40 Million,$40 Million
Grape Creek,226-907,NO,IV,NO,$40 Million,$40 Million
Grapeland,113-902,YES,III,YES,$20 Million,$10 Million
Grapevine-Colleyville,220-906,NO,I,NO,$100 Million,$100 Million
Greenville,116-905,YES,I,NO,$30 Million,$30 Million
Greenwood,165-902,NO,II,NO,$80 Million,$80 Million
Gregory-Portland,205-902,YES,I,NO,$30 Million,$30 Million
Groesbeck,147-902,YES,I,YES,$30 Million,$30 Million
Groom,033-901,YES,I,YES,$30 Million,$30 Million
Groveton,228-901,YES,III,YES,$20 Million,$10 Million
Gruver,098-901,YES,III,YES,$20 Million,$10 Million
Gunter,091-917,NO,IV,NO,$40 Million,$40 Million
Gustine,047-903,YES,III,YES,$20 Million,$10 Million
Guthrie,135-001,YES,III,YES,$20 Million,$10 Million
Hale Center,095-903,YES,III,YES,$20 Million,$10 Million
Hallettsville,143-901,YES,III,YES,$20 Million,$10 Million
Hallsburg,161-924,NO,V,NO,$20 Million,$20 Million
Hallsville,102-904,YES,I,NO,$30 Million,$30 Million
Hamilton,097-902,YES,III,YES,$20 Million,$10 Million
Hamlin,127-903,YES,III,YES,$20 Million,$10 Million
Hamshire-Fannett,123-914,YES,II,NO,$25 Million,$20 Million
Happy,219-901,YES,III,YES,$20 Million,$10 Million
Hardin,146-904,YES,III,NO,$20 Million,$10 Million
Hardin-Jefferson,100-905,YES,III,NO,$20 Million,$10 Million
Harlandale,015-904,NO,II,NO,$80 Million,$80 Million
Harleton,102-905,YES,III,NO,$20 Million,$10 Million
Harlingen,031-903,YES,II,NO,$25 Million,$20 Million
Harmony,230-905,YES,III,YES,$20 Million,$10 Million
Harper,086-902,YES,III,YES,$20 Million,$10 Million
Harrold,244-901,YES,III,YES,$20 Million,$10 Million
Hart,035-902,YES,III,YES,$20 Million,$10 Million
Hartley,103-902,YES,III,YES,$20 Million,$10 Million
Harts Bluff,225-907,YES,III,YES,$20 Million,$10 Million
Haskell Consolidated,104-901,YES,I,YES,$30 Million,$30 Million
Hawkins,250-902,YES,II,YES,$25 Million,$20 Million
Hawley,127-904,YES,III,YES,$20 Million,$10 Million
Hays Consolidated,105-906,YES,I,YES,$30 Million,$30 Million
Hearne,198-905,YES,II,YES,$25 Million,$20 Million
Hedley,065-902,YES,III,YES,$20 Million,$10 Million
Hemphill,202-903,YES,III,YES,$20 Million,$10 Million
Hempstead,237-902,YES,III,NO,$20 Million,$10 Million
Henderson,201-902,YES,I,NO,$30 Million,$30 Million
Henrietta,039-902,YES,III,YES,$20 Million,$10 Million
Hereford,059-901,YES,I,YES,$30 Million,$30 Million
Hermleigh,208-901,YES,II,YES,$25 Million,$20 Million
Hico,097-903,YES,III,YES,$20 Million,$10 Million
Hidalgo,108-905,YES,III,NO,$20 Million,$10 Million
Higgins,148-903,YES,III,YES,$20 Million,$10 Million
High Island,084-903,NO,IV,NO,$40 Million,$40 Million
Highland,177-905,YES,I,YES,$30 Million,$30 Million
Highland Park,057-911,NO,I,NO,$100 Million,$100 Million
Highland Park,188-903,NO,II,NO,$80 Million,$80 Million
Hillsboro,109-904,YES,I,YES,$30 Million,$30 Million
Hitchcock,084-908,NO,III,NO,$60 Million,$60 Million
Holland,014-905,YES,III,YES,$20 Million,$10 Million
Holliday,005-902,YES,III,YES,$20 Million,$10 Million
Hondo,163-904,YES,II,YES,$25 Million,$20 Million
Honey Grove,074-907,YES,III,YES,$20 Million,$10 Million
Hooks,019-902,YES,III,NO,$20 Million,$10 Million
Houston,101-912,NO,I,NO,$100 Million,$100 Million
Howe,091-905,NO,IV,NO,$40 Million,$40 Million
Hubbard,109-905,YES,III,YES,$20 Million,$10 Million
Hubbard,019-913,YES,V,NO,$10 Million,$1 Million
Huckabay,072-908,YES,II,YES,$25 Million,$20 Million
Hudson,003-902,YES,III,NO,$20 Million,$10 Million
Huffman,101-925,NO,II,NO,$80 Million,$80 Million
Hughes Springs,034-903,YES,II,YES,$25 Million,$20 Million
Hull-Daisetta,146-905,YES,II,NO,$25 Million,$20 Million
Humble,101-913,NO,I,NO,$100 Million,$100 Million
Hunt,133-902,NO,IV,NO,$40 Million,$40 Million
Huntington,003-904,YES,III,NO,$20 Million,$10 Million
Huntsville,236-902,YES,III,NO,$20 Million,$10 Million
Hurst-Euless-Bedford,220-916,NO,I,NO,$100 Million,$100 Million
Hutto,246-906,NO,II,NO,$80 Million,$80 Million
Idalou,152-910,NO,IV,NO,$40 Million,$40 Million
Industrial,120-905,YES,I,YES,$30 Million,$30 Million
Ingleside,205-903,YES,I,NO,$30 Million,$30 Million
Ingram,133-904,NO,III,NO,$60 Million,$60 Million
Iola,093-903,YES,III,YES,$20 Million,$10 Million
Iowa Park,243-903,YES,II,YES,$25 Million,$20 Million
Ira,208-903,YES,III,YES,$20 Million,$10 Million
Iraan-Sheffield,186-903,YES,I,YES,$30 Million,$30 Million
Iredell,018-906,YES,V,YES,$10 Million,$1 Million
Irion County,118-902,YES,II,YES,$25 Million,$20 Million
Irving,057-912,NO,I,NO,$100 Million,$100 Million
Italy,070-907,NO,IV,NO,$40 Million,$40 Million
Itasca,109-907,YES,III,YES,$20 Million,$10 Million
Jacksboro,119-902,YES,I,YES,$30 Million,$30 Million
Jacksonville,037-904,YES,II,NO,$25 Million,$20 Million
Jarrell,246-907,NO,II,NO,$80 Million,$80 Million
Jasper,121-904,YES,III,YES,$20 Million,$10 Million
Jayton-Girard,132-902,YES,III,YES,$20 Million,$10 Million
Jefferson,155-901,YES,II,YES,$25 Million,$20 Million
Jim Hogg County,124-901,YES,II,YES,$25 Million,$20 Million
Jim Ned,221-911,YES,II,YES,$25 Million,$20 Million
Joaquin,210-902,YES,III,YES,$20 Million,$10 Million
Johnson City,016-901,YES,III,YES,$20 Million,$10 Million
Jonesboro,050-909,YES,III,YES,$20 Million,$10 Million
Joshua,126-905,NO,II,NO,$80 Million,$80 Million
Jourdanton,007-902,YES,I,NO,$30 Million,$30 Million
Judson,015-916,NO,I,NO,$100 Million,$100 Million
Junction,134-901,YES,III,YES,$20 Million,$10 Million
Karnack,102-901,YES,III,NO,$20 Million,$10 Million
Karnes City,128-901,YES,I,YES,$30 Million,$30 Million
Katy,101-914,YES,I,NO,$30 Million,$30 Million
Kaufman,129-903,NO,III,NO,$60 Million,$60 Million
Keene,126-906,NO,IV,NO,$40 Million,$40 Million
Keller,220-907,NO,I,NO,$100 Million,$100 Million
Kelton,242-905,YES,II,YES,$25 Million,$20 Million
Kemp,129-904,NO,IV,NO,$40 Million,$40 Million
Kenedy,128-902,YES,I,YES,$30 Million,$30 Million
Kenedy County,131-001,YES,I,YES,$30 Million,$30 Million
Kennard,113-906,YES,III,YES,$20 Million,$10 Million
Kennedale,220-914,NO,II,NO,$80 Million,$80 Million
Kerens,175-907,NO,IV,NO,$40 Million,$40 Million
Kermit,248-901,YES,I,YES,$30 Million,$30 Million
Kerrville,133-903,NO,II,NO,$80 Million,$80 Million
Kilgore,092-902,YES,I,NO,$30 Million,$30 Million
Killeen,014-906,YES,III,NO,$20 Million,$10 Million
Kingsville,137-901,YES,III,YES,$20 Million,$10 Million
Kirbyville,121-905,YES,III,YES,$20 Million,$10 Million
Klein,101-915,NO,I,NO,$100 Million,$100 Million
Klondike,058-905,YES,III,YES,$20 Million,$10 Million
Knippa,232-901,YES,III,YES,$20 Million,$10 Million
Knox City-O'Brien,138-902,YES,III,YES,$20 Million,$10 Million
Kopperl,018-907,YES,III,YES,$20 Million,$10 Million
Kountze,100-903,YES,III,NO,$20 Million,$10 Million
Kress,219-905,YES,III,YES,$20 Million,$10 Million
Krum,061-905,NO,III,NO,$60 Million,$60 Million
La Feria,031-905,YES,III,NO,$20 Million,$10 Million
La Gloria,125-906,YES,III,YES,$20 Million,$10 Million
La Grange,075-902,YES,II,YES,$25 Million,$20 Million
La Joya,108-912,YES,III,NO,$20 Million,$10 Million
La Porte,101-916,NO,I,NO,$100 Million,$100 Million
La Poynor,107-910,NO,IV,NO,$40 Million,$40 Million
La Pryor,254-902,YES,III,YES,$20 Million,$10 Million
La Vega,161-906,NO,III,NO,$60 Million,$60 Million
La Vernia,247-903,NO,II,NO,$80 Million,$80 Million
La Villa,108-914,YES,III,NO,$20 Million,$10 Million
Lago Vista,227-912,NO,II,NO,$80 Million,$80 Million
Lake Dallas,061-912,NO,II,NO,$80 Million,$80 Million
Lake Travis,227-913,NO,I,NO,$100 Million,$100 Million
Lake Worth,220-910,NO,II,NO,$80 Million,$80 Million
Lamar Consolidated,079-901,NO,I,NO,$100 Million,$100 Million
Lamesa,058-906,YES,I,YES,$30 Million,$30 Million
Lampasas,141-901,YES,III,YES,$20 Million,$10 Million
Lancaster,057-913,NO,II,NO,$80 Million,$80 Million
Laneville,201-903,YES,III,NO,$20 Million,$10 Million
Laredo,240-901,YES,III,NO,$20 Million,$10 Million
Lasara,245-901,YES,III,YES,$20 Million,$10 Million
Latexo,113-905,YES,III,YES,$20 Million,$10 Million
Lazbuddie,185-904,YES,III,YES,$20 Million,$10 Million
Leakey,193-902,YES,III,YES,$20 Million,$10 Million
Leander,246-913,NO,I,NO,$100 Million,$100 Million
Leary,019-914,YES,III,NO,$20 Million,$10 Million
Lefors,090-902,YES,III,YES,$20 Million,$10 Million
Leggett,187-906,YES,V,NO,$10 Million,$1 Million
Leon,145-911,YES,I,YES,$30 Million,$30 Million
Leonard,074-909,YES,III,YES,$20 Million,$10 Million
Levelland,110-902,YES,II,YES,$25 Million,$20 Million
Leveretts Chapel,201-904,YES,III,NO,$20 Million,$10 Million
Lewisville,061-902,NO,I,NO,$100 Million,$100 Million
Lexington,144-902,YES,III,YES,$20 Million,$10 Million
Liberty,146-906,YES,I,NO,$30 Million,$30 Million
Liberty Hill,246-908,NO,II,NO,$80 Million,$80 Million
Liberty-Eylau,019-908,YES,III,NO,$20 Million,$10 Million
Lindale,212-903,NO,II,NO,$80 Million,$80 Million
Linden-Kildare,034-905,YES,III,YES,$20 Million,$10 Million
Lindsay,049-907,YES,II,YES,$25 Million,$20 Million
Lingleville,072-909,YES,III,YES,$20 Million,$10 Million
Lipan,111-902,YES,III,YES,$20 Million,$10 Million
Little Cypress-Mauriceville,181-908,YES,I,NO,$30 Million,$30 Million
Little Elm,061-914,NO,II,NO,$80 Million,$80 Million
Littlefield,140-904,YES,II,YES,$25 Million,$20 Million
Livingston,187-907,YES,III,NO,$20 Million,$10 Million
Llano,150-901,YES,III,YES,$20 Million,$10 Million
Lockhart,028-902,YES,III,YES,$20 Million,$10 Million
Lockney,077-902,YES,I,YES,$30 Million,$30 Million
Lohn,160-905,YES,III,YES,$20 Million,$10 Million
Lometa,141-902,YES,III,YES,$20 Million,$10 Million
London,178-906,YES,I,NO,$30 Million,$30 Million
Lone Oak,116-906,YES,V,YES,$10 Million,$1 Million
Longview,092-903,YES,I,NO,$30 Million,$30 Million
Loop,083-902,YES,III,YES,$20 Million,$10 Million
Loraine,168-902,YES,III,YES,$20 Million,$10 Million
Lorena,161-907,YES,III,YES,$20 Million,$10 Million
Lorenzo,054-902,YES,II,YES,$25 Million,$20 Million
Los Fresnos,031-906,YES,II,NO,$25 Million,$20 Million
Louise,241-906,YES,III,YES,$20 Million,$10 Million
Lovejoy,043-919,NO,II,NO,$80 Million,$80 Million
Lovelady,113-903,YES,III,YES,$20 Million,$10 Million
Lubbock,152-901,NO,I,NO,$100 Million,$100 Million
Lubbock-Cooper,152-906,NO,II,NO,$80 Million,$80 Million
Lueders-Avoca,127-905,YES,III,YES,$20 Million,$10 Million
Lufkin,003-903,YES,I,NO,$30 Million,$30 Million
Luling,028-903,YES,III,YES,$20 Million,$10 Million
Lumberton,100-907,YES,III,NO,$20 Million,$10 Million
Lyford,245-902,YES,III,YES,$20 Million,$10 Million
Lytle,007-904,YES,IV,NO,$15 Million,$5 Million
Mabank,129-905,NO,II,NO,$80 Million,$80 Million
Madisonville,154-901,YES,III,YES,$20 Million,$10 Million
Magnolia,170-906,NO,II,NO,$80 Million,$80 Million
Malakoff,107-906,NO,II,NO,$80 Million,$80 Million
Malone,109-908,YES,III,YES,$20 Million,$10 Million
Malta,019-910,YES,IV,NO,$15 Million,$5 Million
Manor,227-907,NO,II,NO,$80 Million,$80 Million
Mansfield,220-908,NO,I,NO,$100 Million,$100 Million
Marathon,022-902,YES,V,YES,$10 Million,$1 Million
Marble Falls,027-904,NO,II,NO,$80 Million,$80 Million
Marfa,189-901,YES,III,YES,$20 Million,$10 Million
Marion,094-904,NO,III,NO,$60 Million,$60 Million
Marlin,073-903,YES,III,YES,$20 Million,$10 Million
Marshall,102-902,YES,I,NO,$30 Million,$30 Million
Mart,161-908,YES,IV,YES,$15 Million,$5 Million
Martins Mill,234-905,NO,IV,NO,$40 Million,$40 Million
Martinsville,174-909,YES,III,NO,$20 Million,$10 Million
Mason,157-901,YES,III,YES,$20 Million,$10 Million
Matagorda,158-904,YES,III,YES,$20 Million,$10 Million
Mathis,205-904,YES,III,YES,$20 Million,$10 Million
Maud,019-903,YES,V,NO,$10 Million,$1 Million
May,025-905,YES,III,YES,$20 Million,$10 Million
Maypearl,070-915,NO,IV,NO,$40 Million,$40 Million
McAllen,108-906,YES,II,NO,$25 Million,$20 Million
McCamey,231-901,YES,I,YES,$30 Million,$30 Million
McDade,011-905,NO,IV,NO,$40 Million,$40 Million
McGregor,161-909,NO,IV,NO,$40 Million,$40 Million
McKinney,043-907,NO,I,NO,$100 Million,$100 Million
McLean,090-903,YES,III,YES,$20 Million,$10 Million
McLeod,034-906,YES,IV,YES,$15 Million,$5 Million
McMullen,162-904,YES,I,YES,$30 Million,$30 Million
Meadow,223-902,YES,III,YES,$20 Million,$10 Million
Medina,010-901,YES,V,YES,$10 Million,$1 Million
Medina Valley,163-908,NO,II,NO,$80 Million,$80 Million
Melissa,043-908,NO,II,NO,$80 Million,$80 Million
Memphis,096-904,YES,III,YES,$20 Million,$10 Million
Menard,164-901,YES,III,YES,$20 Million,$10 Million
Mercedes,108-907,YES,III,NO,$20 Million,$10 Million
Meridian,018-902,YES,III,YES,$20 Million,$10 Million
Merkel,221-904,YES,II,YES,$25 Million,$20 Million
Mesquite,057-914,NO,II,NO,$80 Million,$80 Million
Mexia,147-903,YES,III,YES,$20 Million,$10 Million
Meyersville,062-906,YES,IV,YES,$15 Million,$5 Million
Miami,197-902,YES,II,YES,$25 Million,$20 Million
Midland,165-901,NO,I,NO,$100 Million,$100 Million
Midlothian,070-908,NO,II,NO,$80 Million,$80 Million
Midway,161-903,NO,II,NO,$80 Million,$80 Million
Midway,039-905,YES,II,YES,$25 Million,$20 Million
Milano,166-903,YES,III,YES,$20 Million,$10 Million
Mildred,175-910,NO,IV,NO,$40 Million,$40 Million
Miles,200-902,YES,III,YES,$20 Million,$10 Million
Milford,070-909,YES,III,YES,$20 Million,$10 Million
Miller Grove,112-907,YES,V,YES,$10 Million,$1 Million
Millsap,184-904,YES,III,YES,$20 Million,$10 Million
Mineola,250-903,YES,III,YES,$20 Million,$10 Million
Mineral Wells,182-903,YES,II,YES,$25 Million,$20 Million
Mission,108-908,YES,III,NO,$20 Million,$10 Million
Monahans-Wickett-Phillips,238-902,YES,I,YES,$30 Million,$30 Million
Montague,169-908,YES,III,YES,$20 Million,$10 Million
Monte Alto,108-915,YES,IV,NO,$15 Million,$5 Million
Montgomery,170-903,NO,II,NO,$80 Million,$80 Million
Moody,161-910,YES,III,NO,$20 Million,$10 Million
Moran,209-902,YES,III,YES,$20 Million,$10 Million
Morgan,018-903,YES,IV,YES,$15 Million,$5 Million
Morgan Mill,072-910,YES,V,YES,$10 Million,$1 Million
Morton,040-901,YES,III,YES,$20 Million,$10 Million
Motley,173-901,YES,III,YES,$20 Million,$10 Million
Moulton,143-902,YES,III,YES,$20 Million,$10 Million
Mount Calm,109-910,YES,IV,YES,$15 Million,$5 Million
Mount Enterprise,201-907,YES,III,NO,$20 Million,$10 Million
Mount Pleasant,225-902,YES,I,YES,$30 Million,$30 Million
Mount Vernon,080-901,YES,III,YES,$20 Million,$10 Million
Muenster,049-902,YES,II,YES,$25 Million,$20 Million
Muleshoe,009-901,YES,III,YES,$20 Million,$10 Million
Mullin,167-902,YES,III,YES,$20 Million,$10 Million
Mumford,198-906,YES,III,YES,$20 Million,$10 Million
Munday,138-903,YES,III,YES,$20 Million,$10 Million
Murchison,107-908,NO,V,NO,$20 Million,$20 Million
Nacogdoches,174-904,YES,I,NO,$30 Million,$30 Million
Natalia,163-903,NO,IV,NO,$40 Million,$40 Million
Navarro,094-903,NO,II,NO,$80 Million,$80 Million
Navasota,093-904,YES,I,YES,$30 Million,$30 Million
Nazareth,035-903,YES,IV,YES,$15 Million,$5 Million
Neches,001-906,NO,IV,NO,$40 Million,$40 Million
Nederland,123-905,YES,I,NO,$30 Million,$30 Million
Needville,079-906,NO,II,NO,$80 Million,$80 Million
New Boston,019-905,YES,III,NO,$20 Million,$10 Million
New Braunfels,046-901,NO,II,NO,$80 Million,$80 Million
New Caney,170-908,NO,II,NO,$80 Million,$80 Million
New Deal,152-902,NO,IV,NO,$40 Million,$40 Million
New Diana,230-906,YES,III,YES,$20 Million,$10 Million
New Home,153-905,YES,III,YES,$20 Million,$10 Million
New Summerfield,037-908,YES,III,NO,$20 Million,$10 Million
New Waverly,236-901,YES,III,NO,$20 Million,$10 Million
Newcastle,252-902,YES,IV,YES,$15 Million,$5 Million
Newton,176-902,YES,III,YES,$20 Million,$10 Million
Nixon-Smiley,089-903,YES,II,YES,$25 Million,$20 Million
Nocona,169-902,YES,III,YES,$20 Million,$10 Million
Nordheim,062-902,YES,III,YES,$20 Million,$10 Million
Normangee,145-906,YES,III,YES,$20 Million,$10 Million
North East,015-910,NO,I,NO,$100 Million,$100 Million
North Hopkins,112-906,YES,III,YES,$20 Million,$10 Million
North Lamar,139-911,YES,I,YES,$30 Million,$30 Million
North Zulch,154-903,YES,III,YES,$20 Million,$10 Million
Northside,015-915,YES,I,YES,$30 Million,$30 Million
Northside,244-905,YES,III,YES,$20 Million,$10 Million
Northwest,061-911,NO,I,NO,$100 Million,$100 Million
Nueces Canyon,069-902,YES,IV,YES,$15 Million,$5 Million
Nursery,235-904,NO,IV,NO,$40 Million,$40 Million
Oakwood,145-907,YES,III,YES,$20 Million,$10 Million
Odem,205-905,YES,III,NO,$20 Million,$10 Million
O'Donnell,153-903,YES,II,YES,$25 Million,$20 Million
Oglesby,050-904,YES,III,NO,$20 Million,$10 Million
Olfen,200-906,YES,V,YES,$10 Million,$1 Million
Olney,252-903,YES,II,YES,$25 Million,$20 Million
Olton,140-905,YES,III,YES,$20 Million,$10 Million
Onalaska,187-910,YES,III,NO,$20 Million,$10 Million
Orange Grove,125-903,YES,III,YES,$20 Million,$10 Million
Orangefield,181-905,YES,II,NO,$25 Million,$20 Million
Ore City,230-903,YES,III,YES,$20 Million,$10 Million
Overton,201-908,YES,III,NO,$20 Million,$10 Million
Paducah,051-901,YES,III,YES,$20 Million,$10 Million
Paint Creek,104-907,YES,II,YES,$25 Million,$20 Million
Paint Rock,048-903,YES,III,YES,$20 Million,$10 Million
Palacios,158-905,YES,I,YES,$30 Million,$30 Million
Palestine,001-907,NO,II,NO,$80 Million,$80 Million
Palmer,070-910,NO,IV,NO,$40 Million,$40 Million
Palo Pinto,182-906,YES,III,YES,$20 Million,$10 Million
Pampa,090-904,YES,I,YES,$30 Million,$30 Million
Panhandle,033-902,YES,I,YES,$30 Million,$30 Million
Panther Creek,042-905,YES,III,YES,$20 Million,$10 Million
Paradise,249-906,NO,III,NO,$60 Million,$60 Million
Paris,139-909,YES,III,YES,$20 Million,$10 Million
Pasadena,101-917,NO,I,NO,$100 Million,$100 Million
Patton Springs,063-906,YES,IV,YES,$15 Million,$5 Million
Pawnee,013-902,YES,II,YES,$25 Million,$20 Million
Pearland,020-908,YES,I,NO,$30 Million,$30 Million
Pearsall,082-903,YES,I,YES,$30 Million,$30 Million
Peaster,184-908,NO,IV,NO,$40 Million,$40 Million
Pecos-Barstow-Toyah,195-901,YES,I,YES,$30 Million,$30 Million
Penelope,109-914,YES,III,YES,$20 Million,$10 Million
Perrin-Whitt,119-903,YES,II,YES,$25 Million,$20 Million
Perryton,179-901,YES,I,YES,$30 Million,$30 Million
Petersburg,095-904,YES,I,YES,$30 Million,$30 Million
Petrolia,039-903,YES,IV,YES,$15 Million,$5 Million
Pettus,013-903,YES,I,YES,$30 Million,$30 Million
Pewitt,172-905,YES,III,YES,$20 Million,$10 Million
Pflugerville,227-904,NO,I,NO,$100 Million,$100 Million
Pharr-San Juan-Alamo,108-909,YES,III,NO,$20 Million,$10 Million
Pilot Point,061-903,YES,III,YES,$20 Million,$10 Million
Pine Tree,092-904,YES,I,NO,$30 Million,$30 Million
Pittsburg,032-902,YES,II,YES,$25 Million,$20 Million
Plains,251-902,YES,III,YES,$20 Million,$10 Million
Plainview,095-905,YES,I,YES,$30 Million,$30 Million
Plano,043-910,NO,I,NO,$100 Million,$100 Million
Pleasant Grove,019-912,YES,IV,NO,$15 Million,$5 Million
Pleasanton,007-905,YES,I,NO,$30 Million,$30 Million
Plemons-Stinnett-Phillips,117-904,YES,I,YES,$30 Million,$30 Million
Point Isabel,031-909,YES,I,NO,$30 Million,$30 Million
Ponder,061-906,NO,III,NO,$60 Million,$60 Million
Poolville,184-901,NO,IV,NO,$40 Million,$40 Million
Port Aransas,178-908,YES,III,YES,$20 Million,$10 Million
Port Arthur,123-907,YES,I,NO,$30 Million,$30 Million
Port Neches,123-908,YES,I,NO,$30 Million,$30 Million
Post,085-902,YES,III,YES,$20 Million,$10 Million
Poteet,007-906,YES,II,NO,$25 Million,$20 Million
Poth,247-904,NO,IV,NO,$40 Million,$40 Million
Pottsboro,091-913,NO,III,NO,$60 Million,$60 Million
Prairie Lea,028-906,YES,III,YES,$20 Million,$10 Million
Prairie Valley,169-909,YES,IV,YES,$15 Million,$5 Million
Prairiland,139-912,YES,III,YES,$20 Million,$10 Million
Premont,125-905,YES,III,YES,$20 Million,$10 Million
Presidio,189-902,YES,III,YES,$20 Million,$10 Million
Priddy,167-904,YES,II,YES,$25 Million,$20 Million
Princeton,043-911,NO,II,NO,$80 Million,$80 Million
Pringle-Morse,098-903,YES,III,YES,$20 Million,$10 Million
Progreso,108-910,YES,III,NO,$20 Million,$10 Million
Prosper,043-912,NO,II,NO,$80 Million,$80 Million
Quanah,099-903,YES,III,YES,$20 Million,$10 Million
Queen City,034-907,YES,I,YES,$30 Million,$30 Million
Quinlan,116-908,YES,IV,NO,$15 Million,$5 Million
Quitman,250-904,YES,III,YES,$20 Million,$10 Million
Rains,190-903,YES,III,YES,$20 Million,$10 Million
Ralls,054-903,YES,III,YES,$20 Million,$10 Million
Ramirez,066-005,YES,III,YES,$20 Million,$10 Million
Ranger,067-907,YES,III,YES,$20 Million,$10 Million
Rankin,231-902,YES,I,YES,$30 Million,$30 Million
Raymondville,245-903,YES,III,YES,$20 Million,$10 Million
Reagan,192-901,YES,I,YES,$30 Million,$30 Million
Red Lick,019-911,YES,III,NO,$20 Million,$10 Million
Red Oak,070-911,NO,II,NO,$80 Million,$80 Million
Redwater,019-906,YES,III,NO,$20 Million,$10 Million
Refugio,196-903,YES,III,YES,$20 Million,$10 Million
Ricardo,137-902,YES,III,YES,$20 Million,$10 Million
Rice,175-911,NO,IV,NO,$40 Million,$40 Million
Rice Consolidated,045-903,YES,I,YES,$30 Million,$30 Million
Richards,093-905,YES,III,YES,$20 Million,$10 Million
Richardson,057-916,NO,I,NO,$100 Million,$100 Million
Richland Springs,206-902,YES,IV,YES,$15 Million,$5 Million
Riesel,161-912,YES,I,YES,$30 Million,$30 Million
Rio Grande City,214-901,YES,I,NO,$30 Million,$30 Million
Rio Hondo,031-911,YES,III,NO,$20 Million,$10 Million
Rio Vista,126-907,YES,III,YES,$20 Million,$10 Million
Rising Star,067-908,YES,III,YES,$20 Million,$10 Million
River Road,188-902,NO,IV,NO,$40 Million,$40 Million
Rivercrest,194-903,YES,III,YES,$20 Million,$10 Million
Riviera,137-903,YES,IV,YES,$15 Million,$5 Million
Robert Lee,041-902,YES,II,YES,$25 Million,$20 Million
Robinson,161-922,YES,III,YES,$20 Million,$10 Million
Robstown,178-909,YES,III,NO,$20 Million,$10 Million
Roby,076-903,YES,III,YES,$20 Million,$10 Million
Rochelle,160-904,YES,III,YES,$20 Million,$10 Million
Rockdale,166-904,YES,III,YES,$20 Million,$10 Million
Rocksprings,069-901,YES,III,YES,$20 Million,$10 Million
Rockwall,199-901,NO,I,NO,$100 Million,$100 Million
Rogers,014-907,YES,III,YES,$20 Million,$10 Million
Roma,214-903,YES,II,NO,$25 Million,$20 Million
Roosevelt,152-908,NO,IV,NO,$40 Million,$40 Million
Ropes,110-905,YES,III,YES,$20 Million,$10 Million
Roscoe,177-901,YES,II,YES,$25 Million,$20 Million
Rosebud-Lott,073-905,YES,III,YES,$20 Million,$10 Million
Rotan,076-904,YES,III,YES,$20 Million,$10 Million
Round Rock,246-909,NO,I,NO,$100 Million,$100 Million
Round Top-Carmine,075-908,YES,III,YES,$20 Million,$10 Million
Royal,237-905,YES,I,NO,$30 Million,$30 Million
Royse City,199-902,YES,III,NO,$20 Million,$10 Million
Rule,104-903,YES,III,YES,$20 Million,$10 Million
Runge,128-903,YES,III,YES,$20 Million,$10 Million
Rusk,037-907,YES,III,NO,$20 Million,$10 Million
Sabinal,232-902,YES,III,YES,$20 Million,$10 Million
Sabine,092-906,YES,III,NO,$20 Million,$10 Million
Sabine Pass,123-913,YES,I,NO,$30 Million,$30 Million
Sadler-Southmayd,091-914,NO,IV,NO,$40 Million,$40 Million
Saint Jo,169-911,YES,III,YES,$20 Million,$10 Million
Salado,014-908,YES,III,NO,$20 Million,$10 Million
Saltillo,112-909,YES,IV,YES,$15 Million,$5 Million
Sam Rayburn,074-917,YES,III,YES,$20 Million,$10 Million
San Angelo,226-903,NO,II,NO,$80 Million,$80 Million
San Antonio,015-907,NO,I,NO,$100 Million,$100 Million
San Augustine,203-901,YES,III,YES,$20 Million,$10 Million
San Benito,031-912,YES,III,NO,$20 Million,$10 Million
San Diego,066-902,YES,III,YES,$20 Million,$10 Million
San Elizario,071-904,YES,III,NO,$20 Million,$10 Million
San Felipe-Del Rio,233-901,YES,I,YES,$30 Million,$30 Million
San Isidro,214-902,YES,III,NO,$20 Million,$10 Million
San Marcos,105-902,YES,I,YES,$30 Million,$30 Million
San Perlita,245-904,YES,III,YES,$20 Million,$10 Million
San Saba,206-901,YES,III,YES,$20 Million,$10 Million
San Vicente,022-903,YES,V,YES,$10 Million,$1 Million
Sands,058-909,YES,III,YES,$20 Million,$10 Million
Sanford-Fritch,117-903,YES,III,YES,$20 Million,$10 Million
Sanger,061-908,NO,II,NO,$80 Million,$80 Million
Santa Anna,042-903,YES,IV,YES,$15 Million,$5 Million
Santa Fe,084-909,NO,II,NO,$80 Million,$80 Million
Santa Gertrudis,137-904,YES,IV,YES,$15 Million,$5 Million
Santa Maria,031-913,YES,V,NO,$10 Million,$1 Million
Santa Rosa,031-914,YES,IV,NO,$15 Million,$5 Million
Santo,182-904,YES,III,YES,$20 Million,$10 Million
Savoy,074-911,YES,III,YES,$20 Million,$10 Million
Schertz-Cibolo-Universal City,094-902,NO,II,NO,$80 Million,$80 Million
Schleicher,207-901,YES,III,YES,$20 Million,$10 Million
Schulenburg,075-903,YES,II,YES,$25 Million,$20 Million
Scurry-Rosser,129-910,NO,IV,NO,$40 Million,$40 Million
Seagraves,083-901,YES,III,YES,$20 Million,$10 Million
Sealy,008-902,YES,I,YES,$30 Million,$30 Million
Seguin,094-901,NO,II,NO,$80 Million,$80 Million
Seminole,083-903,YES,I,YES,$30 Million,$30 Million
Seymour,012-901,YES,I,YES,$30 Million,$30 Million
Shallowater,152-909,NO,IV,NO,$40 Million,$40 Million
Shamrock,242-902,YES,III,YES,$20 Million,$10 Million
Sharyland,108-911,YES,III,NO,$20 Million,$10 Million
Shelbyville,210-903,YES,III,YES,$20 Million,$10 Million
Sheldon,101-924,NO,II,NO,$80 Million,$80 Million
Shepherd,204-904,YES,III,YES,$20 Million,$10 Million
Sherman,091-906,NO,II,NO,$80 Million,$80 Million
Shiner,143-903,YES,II,YES,$25 Million,$20 Million
Sidney,047-905,YES,III,YES,$20 Million,$10 Million
Sierra Blanca,115-902,YES,III,YES,$20 Million,$10 Million
Silsbee,100-904,YES,I,NO,$30 Million,$30 Million
Silverton,023-902,YES,I,YES,$30 Million,$30 Million
Simms,019-909,YES,IV,NO,$15 Million,$5 Million
Sinton,205-906,YES,I,NO,$30 Million,$30 Million
Sivells Bend,049-909,YES,V,YES,$10 Million,$1 Million
Skidmore-Tynan,013-905,YES,III,YES,$20 Million,$10 Million
Slaton,152-903,YES,III,YES,$20 Million,$10 Million
Slidell,249-908,YES,III,YES,$20 Million,$10 Million
Slocum,001-909,NO,IV,NO,$40 Million,$40 Million
Smithville,011-904,YES,III,YES,$20 Million,$10 Million
Smyer,110-906,YES,III,YES,$20 Million,$10 Million
Snook,026-903,YES,III,YES,$20 Million,$10 Million
Snyder,208-902,YES,I,YES,$30 Million,$30 Million
Socorro,071-909,YES,I,NO,$30 Million,$30 Million
Somerset,015-909,YES,III,NO,$20 Million,$10 Million
Somerville,026-902,YES,III,YES,$20 Million,$10 Million
Sonora,218-901,YES,II,YES,$25 Million,$20 Million
South San Antonio,015-908,NO,II,NO,$80 Million,$80 Million
Southland,085-903,YES,III,YES,$20 Million,$10 Million
Southside,015-917,NO,II,NO,$80 Million,$80 Million
Southwest,015-912,NO,II,NO,$80 Million,$80 Million
Spearman,098-904,YES,II,YES,$25 Million,$20 Million
Splendora,170-907,NO,III,NO,$60 Million,$60 Million
Spring,101-919,NO,I,NO,$100 Million,$100 Million
Spring Branch,101-920,NO,I,NO,$100 Million,$100 Million
Spring Creek,117-907,YES,III,YES,$20 Million,$10 Million
Spring Hill,092-907,YES,III,NO,$20 Million,$10 Million
Springlake-Earth,140-907,YES,III,YES,$20 Million,$10 Million
Springtown,184-902,NO,II,NO,$80 Million,$80 Million
Spur,063-903,YES,III,YES,$20 Million,$10 Million
Spurger,229-905,YES,III,YES,$20 Million,$10 Million
Stafford,079-910,NO,II,NO,$80 Million,$80 Million
Stamford,127-906,YES,III,YES,$20 Million,$10 Million
Stanton,156-902,YES,I,YES,$30 Million,$30 Million
Stephenville,072-903,YES,I,YES,$30 Million,$30 Million
Sterling City,216-901,YES,I,YES,$30 Million,$30 Million
Stockdale,247-906,NO,IV,NO,$40 Million,$40 Million
Stratford,211-902,YES,III,YES,$20 Million,$10 Million
Strawn,182-905,YES,III,YES,$20 Million,$10 Million
Sudan,140-908,YES,II,YES,$25 Million,$20 Million
Sulphur Bluff,112-910,YES,III,YES,$20 Million,$10 Million
Sulphur Springs,112-901,YES,II,YES,$25 Million,$20 Million
Sundown,110-907,YES,I,YES,$30 Million,$30 Million
Sunnyvale,057-919,NO,II,NO,$80 Million,$80 Million
Sunray,171-902,YES,III,YES,$20 Million,$10 Million
Sweeny,020-906,YES,I,NO,$30 Million,$30 Million
Sweet Home,143-905,YES,IV,YES,$15 Million,$5 Million
Sweetwater,177-902,YES,II,YES,$25 Million,$20 Million
Taft,205-907,YES,I,NO,$30 Million,$30 Million
Tahoka,153-904,YES,I,YES,$30 Million,$30 Million
Tarkington,146-907,YES,III,NO,$20 Million,$10 Million
Tatum,201-910,YES,I,YES,$30 Million,$30 Million
Taylor,246-911,NO,II,NO,$80 Million,$80 Million
Teague,081-904,YES,III,YES,$20 Million,$10 Million
Temple,014-909,YES,I,NO,$30 Million,$30 Million
Tenaha,210-904,YES,III,YES,$20 Million,$10 Million
Terlingua,022-004,YES,V,YES,$10 Million,$1 Million
Terrell,129-906,YES,I,NO,$30 Million,$30 Million
Terrell County,222-901,YES,III,YES,$20 Million,$10 Million
Texarkana,019-907,YES,I,NO,$30 Million,$30 Million
Texas City,084-906,NO,II,NO,$80 Million,$80 Million
Texhoma,211-901,YES,III,YES,$20 Million,$10 Million
Texline,056-902,YES,III,YES,$20 Million,$10 Million
Thorndale,166-905,YES,III,YES,$20 Million,$10 Million
Thrall,246-912,NO,IV,NO,$40 Million,$40 Million
Three Rivers,149-902,YES,I,YES,$30 Million,$30 Million
Three Way,072-901,YES,V,YES,$10 Million,$1 Million
Throckmorton,224-901,YES,III,YES,$20 Million,$10 Million
Tidehaven,158-902,YES,I,YES,$30 Million,$30 Million
Timpson,210-905,YES,III,YES,$20 Million,$10 Million
Tioga,091-907,NO,IV,NO,$40 Million,$40 Million
Tolar,111-903,NO,IV,NO,$40 Million,$40 Million
Tom Bean,091-918,NO,IV,NO,$40 Million,$40 Million
Tomball,101-921,NO,I,NO,$100 Million,$100 Million
Tornillo,071-908,YES,III,NO,$20 Million,$10 Million
Trent,221-905,YES,II,YES,$25 Million,$20 Million
Trenton,074-912,YES,III,YES,$20 Million,$10 Million
Trinidad,107-907,NO,V,NO,$20 Million,$20 Million
Trinity,228-903,YES,III,YES,$20 Million,$10 Million
Troup,212-904,YES,III,NO,$20 Million,$10 Million
Troy,014-910,YES,III,YES,$20 Million,$10 Million
Tulia,219-903,YES,III,YES,$20 Million,$10 Million
Tuloso-Midway,178-912,YES,I,NO,$30 Million,$30 Million
Turkey-Quitaque,096-905,YES,III,YES,$20 Million,$10 Million
Tyler,212-905,NO,II,NO,$80 Million,$80 Million
Union Grove,230-908,YES,III,YES,$20 Million,$10 Million
Union Hill,230-904,YES,IV,YES,$15 Million,$5 Million
United,240-903,YES,I,NO,$30 Million,$30 Million
Utopia,232-904,YES,IV,YES,$15 Million,$5 Million
Uvalde,232-903,YES,II,YES,$25 Million,$20 Million
Valentine,122-902,YES,III,YES,$20 Million,$10 Million
Valley Mills,018-904,YES,III,YES,$20 Million,$10 Million
Valley View,108-916,YES,III,NO,$20 Million,$10 Million
Valleyview,049-903,YES,III,YES,$20 Million,$10 Million
Van,234-906,NO,III,NO,$60 Million,$60 Million
Van Alstyne,091-908,NO,III,NO,$60 Million,$60 Million
Van Vleck,158-906,YES,I,YES,$30 Million,$30 Million
Vega,180-902,YES,I,YES,$30 Million,$30 Million
Venus,126-908,NO,IV,NO,$40 Million,$40 Million
Veribest,226-908,NO,IV,NO,$40 Million,$40 Million
Vernon,244-903,YES,I,YES,$30 Million,$30 Million
Victoria,235-902,NO,II,NO,$80 Million,$80 Million
Vidor,181-907,YES,I,YES,$30 Million,$30 Million
Vysehrad,143-904,YES,III,YES,$20 Million,$10 Million
Waco,161-914,NO,II,NO,$80 Million,$80 Million
Waelder,089-905,YES,III,YES,$20 Million,$10 Million
Walcott,059-902,YES,III,YES,$20 Million,$10 Million
Wall,226-906,NO,IV,NO,$40 Million,$40 Million
Waller,237-904,YES,I,NO,$30 Million,$30 Million
Walnut Bend,049-908,YES,V,YES,$10 Million,$1 Million
Walnut Springs,018-905,YES,III,YES,$20 Million,$10 Million
Warren,229-904,YES,III,YES,$20 Million,$10 Million
Waskom,102-903,YES,II,NO,$25 Million,$20 Million
Water Valley,226-905,YES,III,YES,$20 Million,$10 Million
Waxahachie,070-912,NO,II,NO,$80 Million,$80 Million
Weatherford,184-903,NO,II,NO,$80 Million,$80 Million
Webb Consolidated,240-904,YES,I,NO,$30 Million,$30 Million
Weimar,045-905,YES,III,YES,$20 Million,$10 Million
Wellington,044-902,YES,III,YES,$20 Million,$10 Million
Wellman-Union,223-904,YES,III,YES,$20 Million,$10 Million
Wells,037-909,YES,III,NO,$20 Million,$10 Million
Weslaco,108-913,YES,III,NO,$20 Million,$10 Million
West,161-916,YES,III,YES,$20 Million,$10 Million
West Hardin,100-908,YES,III,NO,$20 Million,$10 Million
West Orange-Cove,181-906,YES,I,NO,$30 Million,$30 Million
West Oso,178-915,YES,III,NO,$20 Million,$10 Million
West Rusk,201-914,YES,III,NO,$20 Million,$10 Million
West Sabine,202-905,YES,III,YES,$20 Million,$10 Million
Westbrook,168-903,YES,III,YES,$20 Million,$10 Million
Westhoff,062-905,YES,III,YES,$20 Million,$10 Million
Westphalia,073-904,YES,IV,YES,$15 Million,$5 Million
Westwood,001-908,NO,IV,NO,$40 Million,$40 Million
Wharton,241-904,YES,I,YES,$30 Million,$30 Million
Wheeler,242-903,YES,III,YES,$20 Million,$10 Million
White Deer,033-904,YES,II,YES,$25 Million,$20 Million
White Oak,092-908,YES,III,NO,$20 Million,$10 Million
White Settlement,220-920,NO,II,NO,$80 Million,$80 Million
Whiteface-Bledsoe,040-902,YES,III,YES,$20 Million,$10 Million
Whitehouse,212-906,NO,II,NO,$80 Million,$80 Million
Whitesboro,091-909,YES,III,YES,$20 Million,$10 Million
Whitewright,091-910,YES,III,YES,$20 Million,$10 Million
Whitharral,110-908,YES,IV,YES,$15 Million,$5 Million
Whitney,109-911,YES,III,YES,$20 Million,$10 Million
Wichita Falls,243-905,NO,II,NO,$80 Million,$80 Million
Wildorado,180-904,YES,II,YES,$25 Million,$20 Million
Willis,170-904,YES,I,YES,$30 Million,$30 Million
Wills Point,234-907,NO,III,NO,$60 Million,$60 Million
Wilson,153-907,YES,III,YES,$20 Million,$10 Million
Wimberly,105-905,NO,II,NO,$80 Million,$80 Million
Windthorst,005-904,YES,III,YES,$20 Million,$10 Million
Wink-Loving,248-902,YES,I,YES,$30 Million,$30 Million
Winnsboro,250-907,YES,III,YES,$20 Million,$10 Million
Winona,212-910,NO,III,NO,$60 Million,$60 Million
Winters,200-904,YES,III,YES,$20 Million,$10 Million
Woden,174-906,YES,III,NO,$20 Million,$10 Million
Wolfe City,116-909,YES,III,YES,$20 Million,$10 Million
Woodsboro,196-902,YES,II,YES,$25 Million,$20 Million
Woodson,224-902,YES,III,YES,$20 Million,$10 Million
Woodville,229-903,YES,III,YES,$20 Million,$10 Million
Wortham,081-905,YES,V,YES,$10 Million,$1 Million
Wylie,043-914,NO,II,NO,$80 Million,$80 Million
Wylie,221-912,NO,II,NO,$80 Million,$80 Million
Yantis,250-905,YES,III,YES,$20 Million,$10 Million
Yoakum,062-903,YES,I,YES,$30 Million,$30 Million
Yorktown,062-904,YES,II,YES,$25 Million,$20 Million
Ysleta,071-905,YES,I,NO,$30 Million,$30 Million
Zapata,253-901,YES,III,YES,$20 Million,$10 Million
Zavalla,003-906,YES,III,NO,$20 Million,$10 Million
Zephyr,025-906,YES,III,YES,$20 Million,$10 Million